Mes_A–o;HousingUFm2;LandUFm2;IDSEHousing;m2;Sales;Ageofhousingbuilding;ConstructionCostsIndexCChC;Population;Wages;InterestRate;CopperPrices;IPSA;MoneySupply;LN_housingPrices;Index_HousingUFm2;Index_LandUFm2;Index_IDSEHousing;Index_m2;Index_Sales;Index_Ageofhousingbuilding;Index_ConstructionCostsIndexCChC;Index_Population;Index_Wages;Index_InterestRate;Index_CopperPrices;Index_IPSA;Index_MoneySupply;;;;;;;;;;;;;;;;
200807; 67,9 ; 8,3 ; 0,8 ; 100,8 ; 1.095,0 ; 58,1 ; 3.682,6 ; 5.113.082,0 ; 8,1 ; 4,9 ; 3,8 ; 3.014,8 ; 2.254,4 ; 4,2 ; 1,000 ; 1,000 ; 1,000 ; 1,000 ; 1,000 ; 1,000 ; 1,000 ; 1,000 ; 1,000 ; 1,000 ; 1,000 ; 1,000 ; 1,000 ;;;;;;;;;;;;;;;;
200808; 62,6 ; 8,1 ; 0,8 ; 153,6 ; 1.064,0 ; 64,8 ; 3.753,7 ; 5.116.260,0 ; 8,2 ; 4,8 ; 3,5 ; 2.895,2 ; 2.232,0 ; 4,1 ; 0,946 ; 0,984 ; 0,991 ; 1,366 ; 0,980 ; 1,080 ; 1,014 ; 1,000 ; 1,013 ; 0,993 ; 0,935 ; 0,972 ; 0,993 ;;;;;;;;;;;;;;;;
200809; 63,2 ; 8,2 ; 0,8 ; 112,8 ; 879,0 ; 64,4 ; 3.801,3 ; 5.119.439,0 ; 8,2 ; 4,8 ; 3,2 ; 2.753,3 ; 2.315,0 ; 4,1 ; 0,935 ; 0,986 ; 0,995 ; 1,192 ; 0,856 ; 1,099 ; 1,027 ; 1,001 ; 1,020 ; 0,988 ; 0,862 ; 0,931 ; 1,017 ;;;;;;;;;;;;;;;;
200810; 62,7 ; 9,0 ; 0,8 ; 118,6 ; 945,0 ; 72,8 ; 3.764,1 ; 5.122.617,0 ; 8,3 ; 5,3 ; 2,2 ; 2.489,6 ; 2.305,9 ; 4,1 ; 0,927 ; 1,060 ; 0,997 ; 1,181 ; 0,861 ; 1,206 ; 1,023 ; 1,002 ; 1,024 ; 1,064 ; 0,668 ; 0,857 ; 1,021 ;;;;;;;;;;;;;;;;
200811; 53,7 ; 8,4 ; 0,8 ; 107,4 ; 969,0 ; 57,6 ; 3.782,4 ; 5.125.795,0 ; 8,2 ; 5,7 ; 1,7 ; 2.406,3 ; 2.331,1 ; 4,0 ; 0,832 ; 1,028 ; 0,990 ; 1,099 ; 0,878 ; 1,055 ; 1,026 ; 1,002 ; 1,024 ; 1,137 ; 0,510 ; 0,816 ; 1,030 ;;;;;;;;;;;;;;;;
200812; 69,5 ; 8,5 ; 0,8 ; 93,9 ; 839,0 ; 55,7 ; 3.813,0 ; 5.128.973,0 ; 8,5 ; 5,8 ; 1,4 ; 2.376,4 ; 2.484,8 ; 4,2 ; 0,966 ; 1,032 ; 0,991 ; 0,982 ; 0,800 ; 0,987 ; 1,033 ; 1,003 ; 1,046 ; 1,170 ; 0,409 ; 0,797 ; 1,081 ;;;;;;;;;;;;;;;;
200901; 48,2 ; 7,2 ; 0,8 ; 111,6 ; 791,0 ; 40,6 ; 3.730,8 ; 5.135.278,0 ; 7,9 ; 5,9 ; 1,5 ; 2.549,5 ; 2.445,4 ; 3,9 ; 0,786 ; 0,922 ; 0,976 ; 1,069 ; 0,746 ; 0,785 ; 1,019 ; 1,004 ; 1,002 ; 1,202 ; 0,390 ; 0,831 ; 1,083 ;;;;;;;;;;;;;;;;
200902; 45,0 ; 7,0 ; 0,8 ; 149,1 ; 787,0 ; 53,0 ; 3.790,2 ; 5.138.404,0 ; 7,6 ; 5,5 ; 1,5 ; 2.468,6 ; 2.446,0 ; 3,8 ; 0,699 ; 0,869 ; 0,972 ; 1,355 ; 0,727 ; 0,873 ; 1,026 ; 1,005 ; 0,958 ; 1,155 ; 0,393 ; 0,822 ; 1,085 ;;;;;;;;;;;;;;;;
200903; 60,2 ; 7,3 ; 0,8 ; 102,5 ; 688,0 ; 68,0 ; 3.805,6 ; 5.141.530,0 ; 7,3 ; 4,9 ; 1,7 ; 2.478,9 ; 2.459,9 ; 4,1 ; 0,830 ; 0,879 ; 0,986 ; 1,118 ; 0,658 ; 1,081 ; 1,031 ; 1,005 ; 0,920 ; 1,051 ; 0,430 ; 0,822 ; 1,089 ;;;;;;;;;;;;;;;;
200904; 55,3 ; 8,1 ; 0,8 ; 105,6 ; 694,0 ; 49,7 ; 3.811,9 ; 5.144.657,0 ; 7,0 ; 4,4 ; 2,0 ; 2.670,8 ; 2.462,6 ; 4,0 ; 0,819 ; 0,948 ; 0,988 ; 1,068 ; 0,641 ; 0,923 ; 1,034 ; 1,006 ; 0,882 ; 0,951 ; 0,496 ; 0,867 ; 1,091 ;;;;;;;;;;;;;;;;
200905; 59,3 ; 7,7 ; 0,8 ; 91,0 ; 692,0 ; 69,3 ; 3.777,0 ; 5.147.783,0 ; 6,7 ; 4,5 ; 2,1 ; 3.100,4 ; 2.493,5 ; 4,1 ; 0,856 ; 0,939 ; 0,988 ; 0,952 ; 0,635 ; 1,112 ; 1,028 ; 1,007 ; 0,850 ; 0,926 ; 0,529 ; 0,980 ; 1,102 ;;;;;;;;;;;;;;;;
200906; 98,5 ; 8,8 ; 0,8 ; 110,1 ; 768,0 ; 60,7 ; 3.811,3 ; 5.150.909,0 ; 6,7 ; 4,6 ; 2,3 ; 3.090,5 ; 2.504,8 ; 4,6 ; 1,272 ; 1,026 ; 0,999 ; 1,050 ; 0,681 ; 1,064 ; 1,033 ; 1,007 ; 0,837 ; 0,940 ; 0,576 ; 1,012 ; 1,108 ;;;;;;;;;;;;;;;;
200907; 58,8 ; 6,9 ; 0,8 ; 122,7 ; 1.077,0 ; 65,2 ; 3.803,2 ; 5.154.036,0 ; 5,9 ; 4,6 ; 2,4 ; 3.226,2 ; 2.487,0 ; 4,1 ; 0,987 ; 0,889 ; 1,001 ; 1,166 ; 0,893 ; 1,105 ; 1,033 ; 1,008 ; 0,767 ; 0,946 ; 0,607 ; 1,053 ; 1,105 ;;;;;;;;;;;;;;;;
200908; 80,0 ; 6,7 ; 0,8 ; 98,7 ; 983,0 ; 53,5 ; 3.829,7 ; 5.157.162,0 ; 5,9 ; 4,6 ; 2,8 ; 3.175,2 ; 2.505,8 ; 4,4 ; 1,121 ; 0,830 ; 1,005 ; 1,035 ; 0,896 ; 0,976 ; 1,038 ; 1,008 ; 0,743 ; 0,939 ; 0,695 ; 1,053 ; 1,109 ;;;;;;;;;;;;;;;;
200909; 65,2 ; 7,4 ; 0,8 ; 105,2 ; 1.009,0 ; 63,0 ; 3.859,6 ; 5.160.288,0 ; 5,7 ; 4,5 ; 2,8 ; 3.372,9 ; 2.612,6 ; 4,2 ; 1,008 ; 0,874 ; 1,006 ; 1,041 ; 0,914 ; 1,051 ; 1,045 ; 1,009 ; 0,719 ; 0,927 ; 0,724 ; 1,099 ; 1,144 ;;;;;;;;;;;;;;;;
200910; 52,4 ; 7,3 ; 0,8 ; 116,0 ; 1.426,0 ; 65,0 ; 3.879,6 ; 5.163.415,0 ; 5,5 ; 4,4 ; 2,9 ; 3.314,5 ; 2.571,2 ; 4,0 ; 0,842 ; 0,878 ; 0,981 ; 1,117 ; 1,186 ; 1,098 ; 1,051 ; 1,010 ; 0,696 ; 0,903 ; 0,740 ; 1,099 ; 1,142 ;;;;;;;;;;;;;;;;
200911; 55,2 ; 7,1 ; 0,8 ; 101,1 ; 1.397,0 ; 64,8 ; 3.892,3 ; 5.166.541,0 ; 5,4 ; 4,3 ; 3,0 ; 3.255,3 ; 2.585,4 ; 4,0 ; 0,821 ; 0,862 ; 0,975 ; 1,037 ; 1,249 ; 1,109 ; 1,055 ; 1,010 ; 0,680 ; 0,886 ; 0,777 ; 1,086 ; 1,145 ;;;;;;;;;;;;;;;;
200912; 55,0 ; 6,8 ; 0,8 ; 92,7 ; 1.403,0 ; 44,6 ; 3.897,4 ; 5.169.667,0 ; 5,0 ; 4,5 ; 3,2 ; 3.581,4 ; 2.754,5 ; 4,0 ; 0,813 ; 0,830 ; 0,964 ; 0,954 ; 1,272 ; 0,870 ; 1,057 ; 1,011 ; 0,636 ; 0,919 ; 0,814 ; 1,157 ; 1,199 ;;;;;;;;;;;;;;;;
201001; 69,7 ; 8,8 ; 0,8 ; 105,7 ; 1.398,0 ; 82,6 ; 3.909,8 ; 5.176.239,0 ; 2,3 ; 4,6 ; 3,4 ; 3.809,0 ; 2.744,3 ; 4,2 ; 0,962 ; 0,998 ; 0,986 ; 1,020 ; 1,275 ; 1,256 ; 1,060 ; 1,012 ; 0,386 ; 0,934 ; 0,859 ; 1,232 ; 1,212 ;;;;;;;;;;;;;;;;
201002; 60,3 ; 8,3 ; 0,8 ; 92,5 ; 1.652,0 ; 61,1 ; 3.930,7 ; 5.179.684,0 ; 2,6 ; 4,6 ; 3,1 ; 3.827,4 ; 2.801,8 ; 4,1 ; 0,910 ; 1,004 ; 0,988 ; 0,948 ; 1,439 ; 1,113 ; 1,065 ; 1,013 ; 0,343 ; 0,942 ; 0,827 ; 1,258 ; 1,234 ;;;;;;;;;;;;;;;;
201003; 66,5 ; 8,0 ; 0,8 ; 82,0 ; 1.465,0 ; 64,8 ; 4.028,0 ; 5.183.129,0 ; 2,3 ; 4,3 ; 3,4 ; 3.763,1 ; 2.869,8 ; 4,2 ; 0,958 ; 0,982 ; 0,993 ; 0,854 ; 1,368 ; 1,114 ; 1,085 ; 1,013 ; 0,306 ; 0,897 ; 0,869 ; 1,251 ; 1,261 ;;;;;;;;;;;;;;;;
201004; 60,4 ; 8,7 ; 0,8 ; 126,0 ; 1.443,0 ; 64,3 ; 4.068,7 ; 5.186.574,0 ; 3,2 ; 4,1 ; 3,5 ; 3.865,5 ; 2.918,6 ; 4,1 ; 0,910 ; 1,029 ; 0,987 ; 1,131 ; 1,333 ; 1,109 ; 1,099 ; 1,014 ; 0,370 ; 0,862 ; 0,905 ; 1,273 ; 1,285 ;;;;;;;;;;;;;;;;
201005; 51,5 ; 7,9 ; 0,8 ; 100,5 ; 1.393,0 ; 51,0 ; 4.074,4 ; 5.190.019,0 ; 3,5 ; 4,2 ; 3,1 ; 3.886,9 ; 2.982,1 ; 3,9 ; 0,803 ; 0,979 ; 0,983 ; 1,037 ; 1,290 ; 0,947 ; 1,104 ; 1,015 ; 0,415 ; 0,860 ; 0,840 ; 1,284 ; 1,311 ;;;;;;;;;;;;;;;;
201006; 58,0 ; 9,7 ; 0,8 ; 104,6 ; 1.360,0 ; 65,4 ; 4.088,1 ; 5.193.464,0 ; 3,7 ; 4,1 ; 2,9 ; 4.065,3 ; 3.009,4 ; 4,1 ; 0,839 ; 1,117 ; 0,988 ; 1,037 ; 1,257 ; 1,072 ; 1,108 ; 1,015 ; 0,450 ; 0,842 ; 0,793 ; 1,329 ; 1,328 ;;;;;;;;;;;;;;;;
201007; 73,6 ; 8,6 ; 0,8 ; 81,6 ; 1.330,0 ; 48,0 ; 4.102,0 ; 5.196.909,0 ; 3,9 ; 4,0 ; 3,1 ; 4.364,2 ; 3.005,2 ; 4,3 ; 1,010 ; 1,063 ; 0,987 ; 0,877 ; 1,227 ; 0,900 ; 1,112 ; 1,016 ; 0,473 ; 0,831 ; 0,798 ; 1,412 ; 1,331 ;;;;;;;;;;;;;;;;
201008; 69,4 ; 9,1 ; 0,8 ; 90,3 ; 1.432,0 ; 63,8 ; 4.113,5 ; 5.200.354,0 ; 3,7 ; 4,1 ; 3,3 ; 4.525,0 ; 2.950,8 ; 4,2 ; 1,019 ; 1,086 ; 0,991 ; 0,890 ; 1,284 ; 1,038 ; 1,116 ; 1,017 ; 0,466 ; 0,834 ; 0,845 ; 1,474 ; 1,316 ;;;;;;;;;;;;;;;;
201009; 65,3 ; 9,1 ; 0,8 ; 92,0 ; 1.380,0 ; 55,0 ; 4.135,1 ; 5.203.799,0 ; 4,2 ; 4,0 ; 3,5 ; 4.795,4 ; 3.056,3 ; 4,2 ; 0,978 ; 1,095 ; 0,980 ; 0,906 ; 1,267 ; 0,973 ; 1,121 ; 1,017 ; 0,503 ; 0,825 ; 0,895 ; 1,556 ; 1,344 ;;;;;;;;;;;;;;;;
201010; 59,1 ; 9,6 ; 0,8 ; 105,5 ; 1.900,0 ; 58,6 ; 4.158,6 ; 5.207.244,0 ; 4,7 ; 4,1 ; 3,8 ; 4.912,5 ; 3.025,5 ; 4,1 ; 0,902 ; 1,139 ; 0,978 ; 1,004 ; 1,595 ; 0,997 ; 1,127 ; 1,018 ; 0,559 ; 0,843 ; 0,958 ; 1,607 ; 1,343 ;;;;;;;;;;;;;;;;
201011; 70,9 ; 9,1 ; 0,8 ; 81,6 ; 2.545,0 ; 54,2 ; 4.172,6 ; 5.210.689,0 ; 4,5 ; 4,4 ; 3,8 ; 4.957,0 ; 3.035,3 ; 4,3 ; 1,001 ; 1,112 ; 0,983 ; 0,868 ; 2,105 ; 0,952 ; 1,131 ; 1,019 ; 0,560 ; 0,878 ; 0,992 ; 1,633 ; 1,345 ;;;;;;;;;;;;;;;;
201012; 69,0 ; 9,7 ; 0,8 ; 105,1 ; 1.647,0 ; 62,1 ; 4.175,9 ; 5.214.134,0 ; 4,7 ; 4,4 ; 4,1 ; 4.927,5 ; 3.209,2 ; 4,2 ; 1,011 ; 1,159 ; 0,989 ; 0,990 ; 1,684 ; 1,033 ; 1,133 ; 1,019 ; 0,580 ; 0,892 ; 1,059 ; 1,634 ; 1,400 ;;;;;;;;;;;;;;;;
201101; 53,5 ; 8,2 ; 0,8 ; 109,6 ; 2.379,0 ; 48,3 ; 4.169,2 ; 5.221.123,0 ; 5,7 ; 4,3 ; 4,3 ; 4.673,1 ; 3.195,2 ; 4,0 ; 0,854 ; 1,041 ; 0,965 ; 1,058 ; 2,026 ; 0,892 ; 1,132 ; 1,021 ; 0,668 ; 0,891 ; 1,113 ; 1,575 ; 1,412 ;;;;;;;;;;;;;;;;
201102; 45,8 ; 8,4 ; 0,8 ; 115,3 ; 1.950,0 ; 48,2 ; 4.205,2 ; 5.224.667,0 ; 5,8 ; 4,4 ; 4,5 ; 4.444,6 ; 3.217,8 ; 3,8 ; 0,728 ; 1,027 ; 0,959 ; 1,118 ; 1,854 ; 0,847 ; 1,139 ; 1,021 ; 0,706 ; 0,893 ; 1,155 ; 1,505 ; 1,423 ;;;;;;;;;;;;;;;;
201103; 44,9 ; 8,7 ; 0,8 ; 86,9 ; 3.629,0 ; 40,8 ; 4.262,0 ; 5.228.210,0 ; 6,3 ; 4,4 ; 4,3 ; 4.624,5 ; 3.174,1 ; 3,8 ; 0,681 ; 1,041 ; 0,961 ; 0,938 ; 2,876 ; 0,745 ; 1,152 ; 1,022 ; 0,760 ; 0,899 ; 1,139 ; 1,525 ; 1,412 ;;;;;;;;;;;;;;;;
201104; 40,7 ; 8,5 ; 0,8 ; 107,8 ; 3.599,0 ; 61,1 ; 4.273,1 ; 5.231.754,0 ; 5,9 ; 4,3 ; 4,3 ; 4.822,5 ; 3.199,8 ; 3,7 ; 0,624 ; 1,029 ; 0,961 ; 1,030 ; 3,164 ; 0,960 ; 1,158 ; 1,023 ; 0,745 ; 0,889 ; 1,131 ; 1,577 ; 1,417 ;;;;;;;;;;;;;;;;
201105; 38,8 ; 8,6 ; 0,8 ; 100,9 ; 4.222,0 ; 49,5 ; 4.306,8 ; 5.235.297,0 ; 5,3 ; 4,2 ; 4,0 ; 4.847,9 ; 3.250,6 ; 3,7 ; 0,587 ; 1,035 ; 0,963 ; 1,009 ; 3,648 ; 0,884 ; 1,166 ; 1,024 ; 0,683 ; 0,865 ; 1,082 ; 1,599 ; 1,435 ;;;;;;;;;;;;;;;;
201106; 38,4 ; 8,7 ; 0,8 ; 104,3 ; 3.660,0 ; 58,2 ; 4.274,7 ; 5.238.841,0 ; 5,8 ; 4,1 ; 4,1 ; 4.795,3 ; 3.289,4 ; 3,6 ; 0,572 ; 1,050 ; 0,965 ; 1,026 ; 3,434 ; 0,966 ; 1,162 ; 1,024 ; 0,706 ; 0,853 ; 1,077 ; 1,593 ; 1,452 ;;;;;;;;;;;;;;;;
201107; 40,8 ; 9,8 ; 0,8 ; 120,5 ; 3.222,0 ; 54,7 ; 4.261,8 ; 5.242.384,0 ; 5,9 ; 4,1 ; 4,4 ; 4.426,0 ; 3.288,1 ; 3,7 ; 0,593 ; 1,146 ; 0,969 ; 1,144 ; 3,090 ; 0,948 ; 1,159 ; 1,025 ; 0,727 ; 0,850 ; 1,123 ; 1,506 ; 1,456 ;;;;;;;;;;;;;;;;
201108; 39,9 ; 9,2 ; 0,8 ; 146,3 ; 4.033,0 ; 58,8 ; 4.221,8 ; 5.245.928,0 ; 6,1 ; 4,2 ; 4,1 ; 4.288,4 ; 3.274,4 ; 3,7 ; 0,589 ; 1,126 ; 0,964 ; 1,359 ; 3,505 ; 0,992 ; 1,150 ; 1,026 ; 0,745 ; 0,854 ; 1,089 ; 1,447 ; 1,454 ;;;;;;;;;;;;;;;;
201109; 39,3 ; 9,2 ; 0,8 ; 120,7 ; 3.975,0 ; 52,9 ; 4.246,0 ; 5.249.471,0 ; 6,0 ; 4,2 ; 3,8 ; 3.888,6 ; 3.394,0 ; 3,7 ; 0,582 ; 1,120 ; 0,963 ; 1,245 ; 3,593 ; 0,935 ; 1,152 ; 1,026 ; 0,744 ; 0,856 ; 1,019 ; 1,337 ; 1,490 ;;;;;;;;;;;;;;;;
201110; 39,6 ; 9,8 ; 0,8 ; 132,0 ; 3.546,0 ; 61,0 ; 4.289,7 ; 5.253.015,0 ; 5,9 ; 4,1 ; 3,3 ; 4.327,3 ; 3.402,2 ; 3,7 ; 0,583 ; 1,167 ; 0,961 ; 1,290 ; 3,345 ; 1,015 ; 1,161 ; 1,027 ; 0,733 ; 0,847 ; 0,917 ; 1,406 ; 1,503 ;;;;;;;;;;;;;;;;
201111; 38,3 ; 9,3 ; 0,8 ; 121,6 ; 3.959,0 ; 65,1 ; 4.329,9 ; 5.256.558,0 ; 6,1 ; 4,2 ; 3,4 ; 4.161,3 ; 3.458,7 ; 3,6 ; 0,570 ; 1,141 ; 0,960 ; 1,231 ; 3,534 ; 1,088 ; 1,171 ; 1,028 ; 0,751 ; 0,851 ; 0,903 ; 1,388 ; 1,525 ;;;;;;;;;;;;;;;;
201112; 46,9 ; 10,4 ; 0,8 ; 113,4 ; 3.982,0 ; 53,9 ; 4.334,7 ; 5.260.102,0 ; 6,3 ; 4,3 ; 3,4 ; 4.177,5 ; 3.646,9 ; 3,8 ; 0,654 ; 1,225 ; 0,962 ; 1,157 ; 3,606 ; 0,976 ; 1,175 ; 1,028 ; 0,776 ; 0,868 ; 0,901 ; 1,386 ; 1,590 ;;;;;;;;;;;;;;;;
201201; 37,6 ; 9,3 ; 0,8 ; 136,8 ; 4.322,0 ; 63,0 ; 4.323,8 ; 5.266.261,0 ; 6,7 ; 4,3 ; 3,6 ; 4.260,8 ; 3.635,9 ; 3,6 ; 0,584 ; 1,154 ; 0,960 ; 1,296 ; 3,845 ; 1,051 ; 1,175 ; 1,030 ; 0,812 ; 0,883 ; 0,939 ; 1,405 ; 1,606 ;;;;;;;;;;;;;;;;
201202; 37,7 ; 8,7 ; 0,8 ; 109,2 ; 4.464,0 ; 51,3 ; 4.381,0 ; 5.268.877,0 ; 6,3 ; 4,3 ; 3,8 ; 4.535,6 ; 3.661,1 ; 3,6 ; 0,564 ; 1,086 ; 0,956 ; 1,147 ; 4,007 ; 0,933 ; 1,185 ; 1,030 ; 0,793 ; 0,886 ; 0,983 ; 1,475 ; 1,619 ;;;;;;;;;;;;;;;;
201203; 35,3 ; 8,1 ; 0,8 ; 98,3 ; 4.994,0 ; 50,4 ; 4.423,0 ; 5.271.492,0 ; 6,6 ; 4,3 ; 3,8 ; 4.671,3 ; 3.643,5 ; 3,6 ; 0,533 ; 1,010 ; 0,957 ; 1,026 ; 4,395 ; 0,887 ; 1,196 ; 1,031 ; 0,811 ; 0,882 ; 0,998 ; 1,527 ; 1,617 ;;;;;;;;;;;;;;;;
201204; 30,0 ; 8,4 ; 0,8 ; 107,9 ; 4.246,0 ; 44,1 ; 4.402,8 ; 5.274.108,0 ; 6,1 ; 4,4 ; 3,7 ; 4.585,8 ; 3.684,8 ; 3,4 ; 0,469 ; 1,011 ; 0,951 ; 1,057 ; 4,033 ; 0,797 ; 1,196 ; 1,031 ; 0,772 ; 0,893 ; 0,987 ; 1,523 ; 1,629 ;;;;;;;;;;;;;;;;
201205; 31,6 ; 9,0 ; 0,8 ; 123,9 ; 4.474,0 ; 58,0 ; 4.489,0 ; 5.276.724,0 ; 6,5 ; 4,4 ; 3,6 ; 4.318,2 ; 3.749,8 ; 3,5 ; 0,466 ; 1,061 ; 0,955 ; 1,177 ; 4,070 ; 0,937 ; 1,212 ; 1,032 ; 0,793 ; 0,893 ; 0,955 ; 1,459 ; 1,653 ;;;;;;;;;;;;;;;;
201206; 37,6 ; 9,2 ; 0,8 ; 115,8 ; 4.431,0 ; 60,8 ; 4.503,7 ; 5.279.339,0 ; 6,0 ; 4,3 ; 3,4 ; 4.400,1 ; 3.788,3 ; 3,6 ; 0,528 ; 1,100 ; 0,959 ; 1,157 ; 4,054 ; 1,014 ; 1,220 ; 1,032 ; 0,761 ; 0,886 ; 0,904 ; 1,459 ; 1,672 ;;;;;;;;;;;;;;;;
201207; 36,6 ; 9,5 ; 0,8 ; 119,5 ; 4.224,0 ; 52,0 ; 4.547,2 ; 5.281.955,0 ; 6,3 ; 4,4 ; 3,4 ; 4.227,6 ; 3.821,9 ; 3,6 ; 0,536 ; 1,138 ; 0,960 ; 1,177 ; 3,916 ; 0,931 ; 1,230 ; 1,033 ; 0,779 ; 0,891 ; 0,903 ; 1,419 ; 1,688 ;;;;;;;;;;;;;;;;
201208; 40,6 ; 9,3 ; 0,8 ; 106,7 ; 4.471,0 ; 58,2 ; 4.640,6 ; 5.284.570,0 ; 6,5 ; 4,3 ; 3,4 ; 4.155,7 ; 3.815,6 ; 3,7 ; 0,579 ; 1,128 ; 0,965 ; 1,093 ; 4,033 ; 0,980 ; 1,251 ; 1,033 ; 0,799 ; 0,881 ; 0,894 ; 1,391 ; 1,691 ;;;;;;;;;;;;;;;;
201209; 41,5 ; 9,1 ; 0,8 ; 114,6 ; 3.233,0 ; 56,3 ; 4.718,6 ; 5.287.186,0 ; 6,2 ; 4,3 ; 3,7 ; 4.230,4 ; 4.002,3 ; 3,7 ; 0,601 ; 1,106 ; 0,966 ; 1,123 ; 3,277 ; 0,972 ; 1,272 ; 1,034 ; 0,780 ; 0,884 ; 0,939 ; 1,399 ; 1,750 ;;;;;;;;;;;;;;;;
201210; 40,9 ; 9,6 ; 0,8 ; 112,7 ; 4.634,0 ; 60,6 ; 4.746,6 ; 5.289.802,0 ; 6,3 ; 4,3 ; 3,7 ; 4.266,4 ; 3.917,5 ; 3,7 ; 0,602 ; 1,142 ; 0,963 ; 1,119 ; 3,945 ; 1,021 ; 1,284 ; 1,034 ; 0,780 ; 0,889 ; 0,953 ; 1,410 ; 1,741 ;;;;;;;;;;;;;;;;
201211; 34,8 ; 9,5 ; 0,8 ; 113,0 ; 4.321,0 ; 55,8 ; 4.777,8 ; 5.292.417,0 ; 6,5 ; 4,3 ; 3,5 ; 4.140,0 ; 3.957,4 ; 3,5 ; 0,539 ; 1,143 ; 0,957 ; 1,120 ; 3,946 ; 0,978 ; 1,293 ; 1,035 ; 0,797 ; 0,891 ; 0,926 ; 1,384 ; 1,751 ;;;;;;;;;;;;;;;;
201212; 39,9 ; 9,2 ; 0,8 ; 136,2 ; 3.990,0 ; 49,1 ; 4.929,1 ; 5.295.033,0 ; 6,3 ; 4,4 ; 3,6 ; 4.301,4 ; 4.199,1 ; 3,7 ; 0,573 ; 1,118 ; 0,952 ; 1,281 ; 3,734 ; 0,884 ; 1,325 ; 1,035 ; 0,787 ; 0,897 ; 0,940 ; 1,414 ; 1,829 ;;;;;;;;;;;;;;;;
201301; 36,1 ; 9,3 ; 0,8 ; 121,9 ; 3.497,0 ; 51,0 ; 4.864,8 ; 5.300.596,0 ; 6,0 ; 4,4 ; 3,7 ; 4.552,4 ; 4.180,5 ; 3,6 ; 0,544 ; 1,119 ; 0,947 ; 1,231 ; 3,356 ; 0,879 ; 1,322 ; 1,036 ; 0,757 ; 0,906 ; 0,952 ; 1,481 ; 1,847 ;;;;;;;;;;;;;;;;
201302; 36,9 ; 9,9 ; 0,8 ; 106,4 ; 4.334,0 ; 53,5 ; 4.846,0 ; 5.303.543,0 ; 5,9 ; 4,5 ; 3,7 ; 4.558,5 ; 4.212,3 ; 3,6 ; 0,544 ; 1,171 ; 0,953 ; 1,108 ; 3,777 ; 0,908 ; 1,318 ; 1,037 ; 0,736 ; 0,921 ; 0,957 ; 1,503 ; 1,862 ;;;;;;;;;;;;;;;;
201303; 38,9 ; 9,1 ; 0,8 ; 102,1 ; 4.313,0 ; 46,4 ; 4.992,5 ; 5.306.491,0 ; 5,9 ; 4,5 ; 3,5 ; 4.432,1 ; 4.204,4 ; 3,7 ; 0,564 ; 1,122 ; 0,953 ; 1,041 ; 3,890 ; 0,831 ; 1,344 ; 1,038 ; 0,733 ; 0,928 ; 0,925 ; 1,480 ; 1,864 ;;;;;;;;;;;;;;;;
201304; 35,5 ; 8,8 ; 0,8 ; 107,2 ; 5.335,0 ; 49,0 ; 4.760,3 ; 5.309.438,0 ; 6,2 ; 4,5 ; 3,3 ; 4.292,1 ; 4.208,3 ; 3,6 ; 0,535 ; 1,080 ; 0,949 ; 1,057 ; 4,578 ; 0,840 ; 1,308 ; 1,038 ; 0,756 ; 0,929 ; 0,877 ; 1,441 ; 1,866 ;;;;;;;;;;;;;;;;
201305; 32,3 ; 8,8 ; 0,8 ; 102,1 ; 4.960,0 ; 49,6 ; 4.864,1 ; 5.312.386,0 ; 6,0 ; 4,5 ; 3,3 ; 4.191,3 ; 4.336,6 ; 3,5 ; 0,493 ; 1,065 ; 0,947 ; 1,025 ; 4,544 ; 0,849 ; 1,317 ; 1,039 ; 0,749 ; 0,927 ; 0,864 ; 1,405 ; 1,906 ;;;;;;;;;;;;;;;;
201306; 34,9 ; 9,5 ; 0,8 ; 135,5 ; 4.442,0 ; 61,0 ; 4.870,4 ; 5.315.333,0 ; 5,7 ; 4,5 ; 3,2 ; 4.029,7 ; 4.335,1 ; 3,6 ; 0,508 ; 1,120 ; 0,950 ; 1,248 ; 4,203 ; 0,989 ; 1,321 ; 1,039 ; 0,724 ; 0,918 ; 0,842 ; 1,357 ; 1,918 ;;;;;;;;;;;;;;;;
201307; 32,4 ; 9,4 ; 0,7 ; 105,4 ; 5.234,0 ; 46,6 ; 4.873,7 ; 5.318.281,0 ; 5,1 ; 4,5 ; 3,1 ; 3.732,5 ; 4.346,9 ; 3,5 ; 0,486 ; 1,136 ; 0,946 ; 1,106 ; 4,607 ; 0,858 ; 1,323 ; 1,040 ; 0,663 ; 0,916 ; 0,826 ; 1,274 ; 1,925 ;;;;;;;;;;;;;;;;
201308; 35,0 ; 9,7 ; 0,8 ; 114,2 ; 3.919,0 ; 42,8 ; 4.890,5 ; 5.321.228,0 ; 5,7 ; 4,5 ; 3,3 ; 3.628,7 ; 4.303,2 ; 3,6 ; 0,506 ; 1,162 ; 0,947 ; 1,125 ; 3,887 ; 0,773 ; 1,326 ; 1,040 ; 0,694 ; 0,920 ; 0,845 ; 1,225 ; 1,914 ;;;;;;;;;;;;;;;;
201309; 32,3 ; 8,7 ; 0,7 ; 113,5 ; 2.959,0 ; 42,8 ; 4.897,9 ; 5.324.176,0 ; 5,8 ; 4,4 ; 3,2 ; 3.823,9 ; 4.567,4 ; 3,5 ; 0,485 ; 1,081 ; 0,943 ; 1,126 ; 3,058 ; 0,748 ; 1,329 ; 1,041 ; 0,715 ; 0,904 ; 0,849 ; 1,255 ; 1,992 ;;;;;;;;;;;;;;;;
201310; 34,3 ; 9,4 ; 0,8 ; 106,3 ; 5.074,0 ; 40,1 ; 4.903,7 ; 5.327.123,0 ; 5,6 ; 4,4 ; 3,3 ; 3.912,4 ; 4.493,9 ; 3,5 ; 0,499 ; 1,123 ; 0,950 ; 1,076 ; 4,161 ; 0,707 ; 1,331 ; 1,042 ; 0,698 ; 0,902 ; 0,853 ; 1,285 ; 1,993 ;;;;;;;;;;;;;;;;
201311; 36,7 ; 9,3 ; 0,8 ; 105,5 ; 4.612,0 ; 41,0 ; 4.878,0 ; 5.330.071,0 ; 5,4 ; 4,4 ; 3,2 ; 3.789,1 ; 4.490,2 ; 3,6 ; 0,528 ; 1,120 ; 0,952 ; 1,055 ; 4,197 ; 0,706 ; 1,326 ; 1,042 ; 0,676 ; 0,897 ; 0,844 ; 1,265 ; 1,992 ;;;;;;;;;;;;;;;;
201312; 35,7 ; 8,2 ; 0,7 ; 113,0 ; 2.973,0 ; 43,4 ; 4.915,0 ; 5.333.018,0 ; 5,5 ; 4,4 ; 3,3 ; 3.699,2 ; 4.693,2 ; 3,6 ; 0,526 ; 1,026 ; 0,941 ; 1,101 ; 3,160 ; 0,735 ; 1,332 ; 1,043 ; 0,682 ; 0,896 ; 0,852 ; 1,238 ; 2,055 ;;;;;;;;;;;;;;;;
201401; 36,6 ; 9,2 ; 0,8 ; 142,3 ; 5.116,0 ; 53,1 ; 4.857,8 ; 5.339.356,0 ; 5,8 ; 4,3 ; 3,3 ; 3.439,4 ; 4.743,0 ; 3,6 ; 0,536 ; 1,090 ; 0,950 ; 1,318 ; 4,218 ; 0,859 ; 1,323 ; 1,044 ; 0,712 ; 0,890 ; 0,863 ; 1,170 ; 2,089 ;;;;;;;;;;;;;;;;
201402; 37,5 ; 9,2 ; 0,8 ; 150,3 ; 4.359,0 ; 48,6 ; 4.889,3 ; 5.342.747,0 ; 6,0 ; 4,3 ; 3,2 ; 3.718,9 ; 4.725,9 ; 3,6 ; 0,548 ; 1,108 ; 0,952 ; 1,438 ; 4,052 ; 0,842 ; 1,326 ; 1,045 ; 0,737 ; 0,885 ; 0,854 ; 1,215 ; 2,094 ;;;;;;;;;;;;;;;;
201403; 37,3 ; 9,2 ; 0,8 ; 130,7 ; 5.553,0 ; 43,1 ; 5.056,1 ; 5.346.138,0 ; 6,2 ; 4,3 ; 3,0 ; 3.772,8 ; 4.689,1 ; 3,6 ; 0,548 ; 1,108 ; 0,951 ; 1,339 ; 4,765 ; 0,771 ; 1,359 ; 1,045 ; 0,759 ; 0,884 ; 0,811 ; 1,240 ; 2,084 ;;;;;;;;;;;;;;;;
201404; 48,0 ; 9,0 ; 0,8 ; 100,9 ; 5.783,0 ; 43,0 ; 5.152,9 ; 5.349.529,0 ; 6,3 ; 4,3 ; 3,0 ; 3.909,6 ; 4.728,2 ; 3,9 ; 0,659 ; 1,093 ; 0,951 ; 1,102 ; 5,127 ; 0,750 ; 1,387 ; 1,046 ; 0,775 ; 0,876 ; 0,798 ; 1,280 ; 2,093 ;;;;;;;;;;;;;;;;
201405; 49,2 ; 8,8 ; 0,8 ; 115,0 ; 5.598,0 ; 46,5 ; 5.172,5 ; 5.352.919,0 ; 6,5 ; 4,1 ; 3,1 ; 3.903,8 ; 4.767,1 ; 3,9 ; 0,704 ; 1,075 ; 0,950 ; 1,129 ; 5,117 ; 0,785 ; 1,399 ; 1,047 ; 0,795 ; 0,858 ; 0,812 ; 1,290 ; 2,108 ;;;;;;;;;;;;;;;;
201406; 46,5 ; 9,3 ; 0,8 ; 125,8 ; 4.311,0 ; 51,6 ; 5.200,3 ; 5.356.310,0 ; 6,6 ; 3,9 ; 3,1 ; 3.875,7 ; 4.789,1 ; 3,8 ; 0,691 ; 1,106 ; 0,949 ; 1,211 ; 4,291 ; 0,857 ; 1,408 ; 1,047 ; 0,813 ; 0,824 ; 0,810 ; 1,287 ; 2,120 ;;;;;;;;;;;;;;;;
201407; 46,6 ; 8,7 ; 0,7 ; 130,1 ; 3.695,0 ; 50,1 ; 5.119,4 ; 5.359.701,0 ; 7,3 ; 3,9 ; 3,2 ; 3.875,4 ; 4.768,6 ; 3,8 ; 0,688 ; 1,071 ; 0,941 ; 1,267 ; 3,649 ; 0,860 ; 1,396 ; 1,048 ; 0,878 ; 0,802 ; 0,834 ; 1,286 ; 2,117 ;;;;;;;;;;;;;;;;
201408; 50,4 ; 8,8 ; 0,7 ; 125,2 ; 3.729,0 ; 48,9 ; 5.223,5 ; 5.363.092,0 ; 6,4 ; 3,7 ; 3,2 ; 3.996,6 ; 4.708,0 ; 3,9 ; 0,726 ; 1,062 ; 0,936 ; 1,249 ; 3,479 ; 0,846 ; 1,412 ; 1,049 ; 0,820 ; 0,768 ; 0,833 ; 1,314 ; 2,097 ;;;;;;;;;;;;;;;;
201409; 31,2 ; 8,4 ; 0,7 ; 157,7 ; 3.199,0 ; 44,2 ; 5.262,2 ; 5.366.482,0 ; 6,5 ; 3,6 ; 3,1 ; 3.943,6 ; 4.884,0 ; 3,4 ; 0,540 ; 1,031 ; 0,932 ; 1,469 ; 3,089 ; 0,786 ; 1,424 ; 1,049 ; 0,813 ; 0,745 ; 0,822 ; 1,310 ; 2,146 ;;;;;;;;;;;;;;;;
201410; 39,8 ; 9,4 ; 0,7 ; 129,1 ; 3.517,0 ; 54,6 ; 5.206,3 ; 5.369.873,0 ; 6,9 ; 3,6 ; 3,1 ; 3.851,0 ; 4.801,4 ; 3,7 ; 0,572 ; 1,105 ; 0,936 ; 1,337 ; 3,175 ; 0,893 ; 1,417 ; 1,050 ; 0,840 ; 0,737 ; 0,807 ; 1,287 ; 2,135 ;;;;;;;;;;;;;;;;
201411; 42,5 ; 9,5 ; 0,7 ; 135,3 ; 3.274,0 ; 45,9 ; 5.206,8 ; 5.373.264,0 ; 7,0 ; 3,7 ; 3,0 ; 3.991,8 ; 4.879,2 ; 3,7 ; 0,609 ; 1,133 ; 0,937 ; 1,340 ; 3,045 ; 0,821 ; 1,415 ; 1,051 ; 0,861 ; 0,746 ; 0,800 ; 1,313 ; 2,155 ;;;;;;;;;;;;;;;;
201412; 53,3 ; 9,6 ; 0,7 ; 122,6 ; 3.205,0 ; 47,3 ; 5.331,4 ; 5.376.655,0 ; 7,2 ; 3,7 ; 2,9 ; 3.851,0 ; 5.160,6 ; 4,0 ; 0,732 ; 1,151 ; 0,934 ; 1,253 ; 2,962 ; 0,816 ; 1,438 ; 1,051 ; 0,882 ; 0,760 ; 0,774 ; 1,288 ; 2,249 ;;;;;;;;;;;;;;;;
201501; 55,6 ; 10,2 ; 0,8 ; 145,7 ; 5.567,0 ; 53,4 ; 5.227,3 ; 5.384.374,0 ; 7,1 ; 3,8 ; 2,6 ; 3.836,7 ; 5.142,8 ; 4,0 ; 0,793 ; 1,211 ; 0,951 ; 1,387 ; 4,448 ; 0,887 ; 1,425 ; 1,053 ; 0,885 ; 0,767 ; 0,716 ; 1,277 ; 2,272 ;;;;;;;;;;;;;;;;
201502; 54,6 ; 10,6 ; 0,8 ; 114,9 ; 4.820,0 ; 48,2 ; 5.209,0 ; 5.388.703,0 ; 7,1 ; 3,7 ; 2,6 ; 3.983,7 ; 5.188,5 ; 4,0 ; 0,801 ; 1,263 ; 0,955 ; 1,214 ; 4,416 ; 0,846 ; 1,418 ; 1,053 ; 0,880 ; 0,766 ; 0,689 ; 1,308 ; 2,293 ;;;;;;;;;;;;;;;;
201503; 54,2 ; 10,1 ; 0,8 ; 120,3 ; 5.624,0 ; 46,3 ; 5.144,0 ; 5.393.032,0 ; 7,1 ; 3,7 ; 2,7 ; 3.916,9 ; 5.184,1 ; 4,0 ; 0,799 ; 1,237 ; 0,955 ; 1,199 ; 4,920 ; 0,811 ; 1,403 ; 1,054 ; 0,877 ; 0,757 ; 0,700 ; 1,302 ; 2,297 ;;;;;;;;;;;;;;;;
201504; 57,2 ; 10,0 ; 0,8 ; 106,6 ; 5.406,0 ; 42,6 ; 5.055,9 ; 5.397.360,0 ; 6,4 ; 3,6 ; 2,7 ; 4.043,5 ; 5.203,6 ; 4,0 ; 0,829 ; 1,221 ; 0,953 ; 1,099 ; 4,932 ; 0,756 ; 1,382 ; 1,055 ; 0,818 ; 0,745 ; 0,711 ; 1,329 ; 2,305 ;;;;;;;;;;;;;;;;
201505; 46,1 ; 10,0 ; 0,8 ; 112,2 ; 4.219,0 ; 47,1 ; 5.062,8 ; 5.401.689,0 ; 6,2 ; 3,6 ; 2,9 ; 4.045,6 ; 5.334,6 ; 3,8 ; 0,724 ; 1,215 ; 0,951 ; 1,109 ; 4,177 ; 0,794 ; 1,377 ; 1,056 ; 0,784 ; 0,742 ; 0,738 ; 1,338 ; 2,348 ;;;;;;;;;;;;;;;;
201506; 45,5 ; 10,4 ; 0,8 ; 112,2 ; 4.577,0 ; 37,6 ; 5.220,0 ; 5.406.018,0 ; 6,3 ; 3,7 ; 2,6 ; 3.897,1 ; 5.380,3 ; 3,8 ; 0,686 ; 1,244 ; 0,947 ; 1,111 ; 4,179 ; 0,691 ; 1,405 ; 1,057 ; 0,784 ; 0,749 ; 0,707 ; 1,306 ; 2,375 ;;;;;;;;;;;;;;;;
201507; 52,5 ; 10,5 ; 0,7 ; 119,7 ; 4.679,0 ; 42,7 ; 5.157,9 ; 5.410.346,0 ; 6,2 ; 3,7 ; 2,5 ; 3.870,4 ; 5.331,0 ; 4,0 ; 0,747 ; 1,262 ; 0,943 ; 1,165 ; 4,245 ; 0,722 ; 1,402 ; 1,058 ; 0,770 ; 0,752 ; 0,666 ; 1,291 ; 2,368 ;;;;;;;;;;;;;;;;
201508; 51,7 ; 11,1 ; 0,7 ; 120,2 ; 4.557,0 ; 47,0 ; 5.278,1 ; 5.414.675,0 ; 5,8 ; 3,6 ; 2,3 ; 3.840,2 ; 5.309,8 ; 3,9 ; 0,757 ; 1,318 ; 0,940 ; 1,183 ; 4,187 ; 0,782 ; 1,424 ; 1,059 ; 0,737 ; 0,747 ; 0,623 ; 1,279 ; 2,359 ;;;;;;;;;;;;;;;;
201509; 43,1 ; 11,3 ; 0,7 ; 121,1 ; 3.839,0 ; 51,7 ; 5.439,3 ; 5.419.004,0 ; 5,9 ; 3,7 ; 2,4 ; 3.685,2 ; 5.432,6 ; 3,8 ; 0,671 ; 1,353 ; 0,940 ; 1,195 ; 3,710 ; 0,857 ; 1,461 ; 1,059 ; 0,735 ; 0,749 ; 0,620 ; 1,239 ; 2,395 ;;;;;;;;;;;;;;;;
201510; 43,7 ; 11,0 ; 0,7 ; 128,3 ; 4.201,0 ; 53,5 ; 5.326,3 ; 5.423.332,0 ; 5,7 ; 3,6 ; 2,4 ; 3.828,0 ; 5.406,5 ; 3,8 ; 0,652 ; 1,337 ; 0,938 ; 1,249 ; 3,799 ; 0,901 ; 1,451 ; 1,060 ; 0,716 ; 0,748 ; 0,621 ; 1,261 ; 2,397 ;;;;;;;;;;;;;;;;
201511; 49,1 ; 10,9 ; 0,7 ; 141,8 ; 3.898,0 ; 48,9 ; 5.335,9 ; 5.427.661,0 ; 5,5 ; 3,7 ; 2,2 ; 3.655,3 ; 5.444,2 ; 3,9 ; 0,701 ; 1,326 ; 0,937 ; 1,359 ; 3,631 ; 0,859 ; 1,449 ; 1,061 ; 0,697 ; 0,759 ; 0,586 ; 1,227 ; 2,410 ;;;;;;;;;;;;;;;;
201512; 61,9 ; 11,1 ; 0,7 ; 190,8 ; 3.823,0 ; 50,9 ; 5.430,6 ; 5.431.990,0 ; 5,2 ; 3,8 ; 2,1 ; 3.680,2 ; 5.679,3 ; 4,1 ; 0,848 ; 1,338 ; 0,942 ; 1,732 ; 3,533 ; 0,871 ; 1,467 ; 1,062 ; 0,661 ; 0,770 ; 0,561 ; 1,223 ; 2,486 ;;;;;;;;;;;;;;;;
201601; 47,5 ; 11,4 ; 0,8 ; 148,5 ; 4.827,0 ; 54,7 ; 5.333,3 ; 5.444.153,0 ; 5,8 ; 3,8 ; 2,0 ; 3.705,9 ; 5.657,8 ; 3,9 ; 0,744 ; 1,366 ; 0,952 ; 1,550 ; 4,146 ; 0,920 ; 1,454 ; 1,064 ; 0,704 ; 0,782 ; 0,540 ; 1,227 ; 2,503 ;;;;;;;;;;;;;;;;
201602; 45,1 ; 11,5 ; 0,8 ; 122,7 ; 5.125,0 ; 39,1 ; 5.344,1 ; 5.451.988,0 ; 5,4 ; 3,8 ; 2,1 ; 3.715,8 ; 5.701,5 ; 3,8 ; 0,688 ; 1,385 ; 0,953 ; 1,316 ; 4,520 ; 0,747 ; 1,452 ; 1,066 ; 0,681 ; 0,785 ; 0,544 ; 1,231 ; 2,521 ;;;;;;;;;;;;;;;;
201603; 66,6 ; 10,0 ; 0,8 ; 91,8 ; 5.564,0 ; 38,1 ; 5.410,2 ; 5.459.823,0 ; 5,4 ; 3,8 ; 2,2 ; 3.937,5 ; 5.684,3 ; 4,2 ; 0,893 ; 1,262 ; 0,948 ; 1,032 ; 4,913 ; 0,683 ; 1,464 ; 1,067 ; 0,674 ; 0,782 ; 0,575 ; 1,284 ; 2,521 ;;;;;;;;;;;;;;;;
201604; 53,2 ; 10,8 ; 0,8 ; 93,1 ; 5.789,0 ; 37,6 ; 5.413,9 ; 5.467.658,0 ; 5,3 ; 3,8 ; 2,2 ; 4.002,1 ; 5.656,9 ; 4,0 ; 0,816 ; 1,291 ; 0,952 ; 0,956 ; 5,175 ; 0,657 ; 1,468 ; 1,069 ; 0,663 ; 0,779 ; 0,576 ; 1,314 ; 2,513 ;;;;;;;;;;;;;;;;
201605; 57,9 ; 10,7 ; 0,8 ; 109,4 ; 5.259,0 ; 42,2 ; 5.326,0 ; 5.475.492,0 ; 5,3 ; 3,8 ; 2,1 ; 3.934,7 ; 5.714,1 ; 4,1 ; 0,841 ; 1,289 ; 0,947 ; 1,046 ; 4,914 ; 0,705 ; 1,453 ; 1,070 ; 0,658 ; 0,778 ; 0,565 ; 1,308 ; 2,528 ;;;;;;;;;;;;;;;;
201606; 44,1 ; 11,1 ; 0,8 ; 110,7 ; 4.684,0 ; 44,4 ; 5.317,7 ; 5.483.327,0 ; 5,5 ; 3,8 ; 2,1 ; 3.995,9 ; 5.756,2 ; 3,8 ; 0,707 ; 1,327 ; 0,948 ; 1,082 ; 4,469 ; 0,746 ; 1,447 ; 1,072 ; 0,673 ; 0,773 ; 0,555 ; 1,320 ; 2,546 ;;;;;;;;;;;;;;;;
201607; 55,3 ; 10,0 ; 0,7 ; 97,3 ; 4.562,0 ; 39,5 ; 5.218,5 ; 5.491.162,0 ; 4,9 ; 3,7 ; 2,2 ; 4.117,5 ; 5.755,1 ; 4,0 ; 0,782 ; 1,247 ; 0,945 ; 1,000 ; 4,257 ; 0,699 ; 1,426 ; 1,073 ; 0,626 ; 0,768 ; 0,570 ; 1,352 ; 2,551 ;;;;;;;;;;;;;;;;
201608; 49,7 ; 10,3 ; 0,7 ; 118,0 ; 5.214,0 ; 41,2 ; 5.223,0 ; 5.498.997,0 ; 5,5 ; 3,7 ; 2,2 ; 4.119,3 ; 5.710,0 ; 3,9 ; 0,747 ; 1,246 ; 0,945 ; 1,119 ; 4,610 ; 0,705 ; 1,421 ; 1,075 ; 0,666 ; 0,765 ; 0,567 ; 1,362 ; 2,538 ;;;;;;;;;;;;;;;;
201609; 66,3 ; 10,6 ; 0,7 ; 106,9 ; 4.573,0 ; 38,6 ; 5.326,6 ; 5.506.831,0 ; 5,0 ; 3,7 ; 2,1 ; 4.015,3 ; 5.858,2 ; 4,2 ; 0,907 ; 1,274 ; 0,945 ; 1,078 ; 4,306 ; 0,677 ; 1,439 ; 1,076 ; 0,639 ; 0,756 ; 0,562 ; 1,341 ; 2,580 ;;;;;;;;;;;;;;;;
201610; 53,8 ; 15,3 ; 0,7 ; 110,1 ; 3.759,0 ; 40,9 ; 5.386,2 ; 5.514.666,0 ; 5,1 ; 3,6 ; 2,1 ; 4.289,8 ; 5.845,6 ; 4,0 ; 0,827 ; 1,674 ; 0,940 ; 1,087 ; 3,695 ; 0,695 ; 1,455 ; 1,078 ; 0,638 ; 0,738 ; 0,562 ; 1,398 ; 2,589 ;;;;;;;;;;;;;;;;
201611; 46,1 ; 11,6 ; 0,7 ; 113,5 ; 3.936,0 ; 43,6 ; 5.424,4 ; 5.522.501,0 ; 4,9 ; 3,5 ; 2,5 ; 4.207,2 ; 5.857,4 ; 3,8 ; 0,723 ; 1,485 ; 0,940 ; 1,114 ; 3,625 ; 0,733 ; 1,468 ; 1,079 ; 0,619 ; 0,726 ; 0,622 ; 1,396 ; 2,596 ;;;;;;;;;;;;;;;;
201612; 52,6 ; 10,6 ; 0,7 ; 123,3 ; 3.520,0 ; 41,8 ; 5.425,3 ; 5.530.336,0 ; 4,7 ; 3,6 ; 2,6 ; 4.151,4 ; 6.057,7 ; 4,0 ; 0,759 ; 1,345 ; 0,943 ; 1,190 ; 3,338 ; 0,723 ; 1,472 ; 1,081 ; 0,597 ; 0,734 ; 0,658 ; 1,383 ; 2,660 ;;;;;;;;;;;;;;;;
201701; 65,1 ; 11,8 ; 0,8 ; 118,6 ; 4.963,0 ; 42,6 ; 5.432,3 ; 5.549.101,0 ; 5,1 ; 3,6 ; 2,6 ; 4.199,5 ; 6.020,2 ; 4,2 ; 0,899 ; 1,400 ; 0,952 ; 1,180 ; 4,174 ; 0,730 ; 1,474 ; 1,084 ; 0,621 ; 0,740 ; 0,675 ; 1,390 ; 2,667 ;;;;;;;;;;;;;;;;
201702; 65,2 ; 11,3 ; 0,8 ; 238,4 ; 4.657,0 ; 45,3 ; 5.382,6 ; 5.560.032,0 ; 5,5 ; 3,6 ; 2,7 ; 4.359,9 ; 6.023,7 ; 4,2 ; 0,941 ; 1,376 ; 0,954 ; 2,009 ; 4,229 ; 0,764 ; 1,465 ; 1,086 ; 0,660 ; 0,732 ; 0,697 ; 1,429 ; 2,671 ;;;;;;;;;;;;;;;;
201703; 73,3 ; 11,2 ; 0,8 ; 96,2 ; 5.673,0 ; 38,0 ; 5.422,8 ; 5.570.962,0 ; 4,6 ; 3,5 ; 2,6 ; 4.783,4 ; 6.015,6 ; 4,3 ; 1,038 ; 1,365 ; 0,956 ; 1,270 ; 4,895 ; 0,686 ; 1,470 ; 1,089 ; 0,596 ; 0,718 ; 0,693 ; 1,539 ; 2,669 ;;;;;;;;;;;;;;;;
201704; 64,6 ; 11,5 ; 0,8 ; 132,2 ; 3.921,0 ; 39,8 ; 5.292,5 ; 5.581.893,0 ; 5,4 ; 3,4 ; 2,6 ; 4.795,1 ; 6.015,6 ; 4,2 ; 0,978 ; 1,384 ; 0,954 ; 1,298 ; 3,975 ; 0,685 ; 1,447 ; 1,091 ; 0,650 ; 0,707 ; 0,682 ; 1,575 ; 2,669 ;;;;;;;;;;;;;;;;
201705; 63,2 ; 11,9 ; 0,8 ; 131,6 ; 5.129,0 ; 38,2 ; 5.337,2 ; 5.592.824,0 ; 5,3 ; 3,4 ; 2,5 ; 4.855,8 ; 6.040,3 ; 4,1 ; 0,944 ; 1,425 ; 0,954 ; 1,303 ; 4,471 ; 0,665 ; 1,449 ; 1,093 ; 0,652 ; 0,695 ; 0,670 ; 1,600 ; 2,676 ;;;;;;;;;;;;;;;;
201706; 77,7 ; 11,6 ; 0,8 ; 84,9 ; 4.485,0 ; 37,8 ; 5.375,0 ; 5.603.754,0 ; 5,8 ; 3,3 ; 2,6 ; 4.747,2 ; 6.160,3 ; 4,4 ; 1,084 ; 1,410 ; 0,955 ; 0,980 ; 4,209 ; 0,654 ; 1,456 ; 1,095 ; 0,698 ; 0,681 ; 0,675 ; 1,582 ; 2,716 ;;;;;;;;;;;;;;;;
201707; 54,3 ; 11,8 ; 0,8 ; 118,9 ; 4.355,0 ; 39,9 ; 5.410,5 ; 5.614.685,0 ; 6,2 ; 3,2 ; 2,7 ; 5.064,6 ; 6.066,1 ; 4,0 ; 0,884 ; 1,423 ; 0,949 ; 1,119 ; 4,047 ; 0,677 ; 1,465 ; 1,097 ; 0,752 ; 0,664 ; 0,700 ; 1,651 ; 2,698 ;;;;;;;;;;;;;;;;
201708; 50,3 ; 11,5 ; 0,8 ; 101,7 ; 4.224,0 ; 41,6 ; 5.409,0 ; 5.625.615,0 ; 6,7 ; 3,2 ; 2,9 ; 5.153,2 ; 5.984,5 ; 3,9 ; 0,783 ; 1,399 ; 0,948 ; 1,042 ; 3,914 ; 0,704 ; 1,468 ; 1,099 ; 0,810 ; 0,658 ; 0,749 ; 1,692 ; 2,668 ;;;;;;;;;;;;;;;;
201709; 52,4 ; 12,4 ; 0,8 ; 107,3 ; 3.574,0 ; 46,0 ; 5.491,8 ; 5.636.546,0 ; 5,8 ; 3,2 ; 3,0 ; 5.341,9 ; 6.118,5 ; 4,0 ; 0,775 ; 1,468 ; 0,948 ; 1,057 ; 3,459 ; 0,765 ; 1,484 ; 1,101 ; 0,750 ; 0,657 ; 0,772 ; 1,748 ; 2,700 ;;;;;;;;;;;;;;;;
201710; 41,5 ; 11,0 ; 0,7 ; 111,5 ; 3.848,0 ; 38,2 ; 5.574,1 ; 5.647.477,0 ; 6,1 ; 3,3 ; 3,1 ; 5.588,1 ; 6.094,4 ; 3,7 ; 0,660 ; 1,369 ; 0,944 ; 1,091 ; 3,498 ; 0,689 ; 1,505 ; 1,104 ; 0,759 ; 0,666 ; 0,797 ; 1,822 ; 2,702 ;;;;;;;;;;;;;;;;
201711; 44,3 ; 11,9 ; 0,7 ; 96,1 ; 4.149,0 ; 37,9 ; 5.557,3 ; 5.658.407,0 ; 6,4 ; 3,4 ; 3,1 ; 5.003,4 ; 6.112,3 ; 3,8 ; 0,655 ; 1,419 ; 0,943 ; 0,994 ; 3,702 ; 0,663 ; 1,508 ; 1,106 ; 0,786 ; 0,681 ; 0,807 ; 1,708 ; 2,709 ;;;;;;;;;;;;;;;;
201712; 52,7 ; 12,1 ; 0,8 ; 104,4 ; 4.114,0 ; 48,8 ; 5.663,2 ; 5.669.338,0 ; 5,8 ; 3,5 ; 3,1 ; 5.564,6 ; 6.364,9 ; 4,0 ; 0,739 ; 1,454 ; 0,947 ; 1,023 ; 3,740 ; 0,787 ; 1,529 ; 1,108 ; 0,738 ; 0,705 ; 0,808 ; 1,805 ; 2,789 ;;;;;;;;;;;;;;;;
201801; 52,9 ; 13,0 ; 0,8 ; 121,0 ; 4.595,0 ; 49,7 ; 5.649,1 ; 5.692.461,0 ; 5,4 ; 3,5 ; 3,2 ; 5.855,4 ; 6.310,2 ; 4,0 ; 0,767 ; 1,541 ; 0,953 ; 1,146 ; 4,060 ; 0,834 ; 1,532 ; 1,112 ; 0,694 ; 0,717 ; 0,831 ; 1,901 ; 2,796 ;;;;;;;;;;;;;;;;
201802; 44,9 ; 13,8 ; 0,7 ; 118,0 ; 2.725,0 ; 34,6 ; 5.553,3 ; 5.704.653,0 ; 5,3 ; 3,5 ; 3,2 ; 5.602,8 ; 6.306,0 ; 3,8 ; 0,693 ; 1,627 ; 0,947 ; 1,163 ; 2,960 ; 0,667 ; 1,515 ; 1,114 ; 0,669 ; 0,724 ; 0,832 ; 1,871 ; 2,797 ;;;;;;;;;;;;;;;;
201803; 50,6 ; 12,1 ; 0,8 ; 93,3 ; 2.249,0 ; 47,4 ; 5.542,5 ; 5.716.845,0 ; 5,2 ; 3,5 ; 3,1 ; 5.542,2 ; 6.311,7 ; 3,9 ; 0,729 ; 1,510 ; 0,946 ; 0,997 ; 2,326 ; 0,770 ; 1,508 ; 1,117 ; 0,653 ; 0,720 ; 0,815 ; 1,848 ; 2,799 ;;;;;;;;;;;;;;;;
201804; 53,0 ; 13,4 ; 0,8 ; 107,5 ; 3.017,0 ; 39,0 ; 5.474,9 ; 5.729.037,0 ; 4,7 ; 3,5 ; 3,1 ; 5.710,9 ; 6.263,4 ; 4,0 ; 0,765 ; 1,588 ; 0,952 ; 1,045 ; 2,626 ; 0,701 ; 1,493 ; 1,119 ; 0,604 ; 0,712 ; 0,813 ; 1,880 ; 2,784 ;;;;;;;;;;;;;;;;
201805; 57,1 ; 13,4 ; 0,8 ; 122,7 ; 2.609,0 ; 40,6 ; 5.466,2 ; 5.741.230,0 ; 5,0 ; 3,4 ; 3,1 ; 5.455,1 ; 6.290,7 ; 4,0 ; 0,817 ; 1,615 ; 0,954 ; 1,165 ; 2,456 ; 0,699 ; 1,487 ; 1,122 ; 0,616 ; 0,704 ; 0,812 ; 1,831 ; 2,789 ;;;;;;;;;;;;;;;;
201806; 47,8 ; 13,9 ; 0,8 ; 128,2 ; 1.050,0 ; 60,0 ; 5.646,1 ; 5.753.422,0 ; 4,5 ; 3,3 ; 3,2 ; 5.301,3 ; 6.293,6 ; 3,9 ; 0,738 ; 1,661 ; 0,958 ; 1,239 ; 1,408 ; 0,932 ; 1,519 ; 1,124 ; 0,576 ; 0,691 ; 0,822 ; 1,780 ; 2,791 ;;;;;;;;;;;;;;;;
201807; 52,9 ; 12,4 ; 0,8 ; 183,3 ; 789,0 ; 56,2 ; 5.698,2 ; 5.765.614,0 ; 4,0 ; 3,3 ; 2,8 ; 5.434,4 ; 6.298,3 ; 4,0 ; 0,766 ; 1,546 ; 0,967 ; 1,644 ; 0,927 ; 0,956 ; 1,539 ; 1,127 ; 0,521 ; 0,686 ; 0,766 ; 1,796 ; 2,793 ;;;;;;;;;;;;;;;;
201808; 48,3 ; 14,5 ; 0,8 ; 131,2 ; 592,0 ; 57,4 ; 5.787,8 ; 5.777.806,0 ; 3,6 ; 3,2 ; 2,7 ; 5.270,4 ; 6.263,7 ; 3,9 ; 0,728 ; 1,688 ; 0,976 ; 1,404 ; 0,656 ; 0,978 ; 1,562 ; 1,129 ; 0,469 ; 0,670 ; 0,732 ; 1,762 ; 2,783 ;;;;;;;;;;;;;;;;
201809; 42,9 ; 12,2 ; 0,8 ; 107,3 ; 801,0 ; 34,5 ; 5.820,5 ; 5.789.999,0 ; 4,4 ; 3,2 ; 2,7 ; 5.283,5 ; 6.461,6 ; 3,8 ; 0,660 ; 1,535 ; 0,957 ; 1,166 ; 0,709 ; 0,708 ; 1,575 ; 1,131 ; 0,523 ; 0,664 ; 0,721 ; 1,756 ; 2,841 ;;;;;;;;;;;;;;;;
201810; 37,1 ; 17,1 ; 0,7 ; 108,0 ; 453,0 ; 45,5 ; 5.930,4 ; 5.802.191,0 ; 4,1 ; 3,2 ; 2,8 ; 5.104,3 ; 6.375,7 ; 3,6 ;;;;;;;;;;;;;;;;;;;;;;;;;;;;;
;;;;;;;;;;;;;;;;;;;;;;;;;;;;;;;;;;;;;;;;;;;
;;;;;;;;;;;;;;;;;;;;;;;;;;;;;;;;;;;;;;;;;;;
;;;;;;;;;;;;;;;;;;;;;;;;;;;;;;;;;;;;;;;;;;;
;;;;;;;;;;;;;;;;;;;;;;;;;;;;;;;;;;;;;;;;;;;
;;;;;;;;;;;;;;;;;;;;;;;;;;;;;;;;;;;;;;;;;;;
;;;;;;;;;;;;;;;;;;;;;;;;;;;;;;;;;;;;;;;;;;;
;;;;;;;;;;;;;;;;;;;;;;;;;;;;;;;;;;;;;;;;;;;
;;;;;;;;;;;;;;;;;;;;;;;;;;;;;;;;;;;;;;;;;;;
;;;;;;;;;;;;;;;;;;;;;;;;;;;;;;;;;;;;;;;;;;;
;;;;;;;;;;;;;;;;;;;;;;;;;;;;;;;;;;;;;;;;;;;
;;;;;;;;;;;;;;;;;;;;;;;;;;;;;;;;;;;;;;;;;;;
;;;;;;;;;;;;;;;;;;;;;;;;;;;;;;;;;;;;;;;;;;;
;;;;;;;;;;;;;;;;;;;;;;;;;;;;;;;;;;;;;;;;;;;
;;;;;;;;;;;;;;;;;;;;;;;;;;;;;;;;;;;;;;;;;;;
;;;;;;;;;;;;;;;;;;;;;;;;;;;;;;;;;;;;;;;;;;;
;;;;;;;;;;;;;;;;;;;;;;;;;;;;;;;;;;;;;;;;;;;
;;;;;;;;;;;;;;;;;;;;;;;;;;;;;;;;;;;;;;;;;;;
;;;;;;;;;;;;;;;;;;;;;;;;;;;;;;;;;;;;;;;;;;;
;;;;;;;;;;;;;;;;;;;;;;;;;;;;;;;;;;;;;;;;;;;
;;;;;;;;;;;;;;;;;;;;;;;;;;;;;;;;;;;;;;;;;;;
;;;;;;;;;;;;;;;;;;;;;;;;;;;;;;;;;;;;;;;;;;;
;;;;;;;;;;;;;;;;;;;;;;;;;;;;;;;;;;;;;;;;;;;
;;;;;;;;;;;;;;;;;;;;;;;;;;;;;;;;;;;;;;;;;;;
;;;;;;;;;;;;;;;;;;;;;;;;;;;;;;;;;;;;;;;;;;;
;;;;;;;;;;;;;;;;;;;;;;;;;;;;;;;;;;;;;;;;;;;
;;;;;;;;;;;;;;;;;;;;;;;;;;;;;;;;;;;;;;;;;;;
;;;;;;;;;;;;;;;;;;;;;;;;;;;;;;;;;;;;;;;;;;;
;;;;;;;;;;;;;;;;;;;;;;;;;;;;;;;;;;;;;;;;;;;
;;;;;;;;;;;;;;;;;;;;;;;;;;;;;;;;;;;;;;;;;;;
;;;;;;;;;;;;;;;;;;;;;;;;;;;;;;;;;;;;;;;;;;;
;;;;;;;;;;;;;;;;;;;;;;;;;;;;;;;;;;;;;;;;;;;
;;;;;;;;;;;;;;;;;;;;;;;;;;;;;;;;;;;;;;;;;;;
;;;;;;;;;;;;;;;;;;;;;;;;;;;;;;;;;;;;;;;;;;;
;;;;;;;;;;;;;;;;;;;;;;;;;;;;;;;;;;;;;;;;;;;
;;;;;;;;;;;;;;;;;;;;;;;;;;;;;;;;;;;;;;;;;;;
;;;;;;;;;;;;;;;;;;;;;;;;;;;;;;;;;;;;;;;;;;;
;;;;;;;;;;;;;;;;;;;;;;;;;;;;;;;;;;;;;;;;;;;
;;;;;;;;;;;;;;;;;;;;;;;;;;;;;;;;;;;;;;;;;;;
;;;;;;;;;;;;;;;;;;;;;;;;;;;;;;;;;;;;;;;;;;;
;;;;;;;;;;;;;;;;;;;;;;;;;;;;;;;;;;;;;;;;;;;
;;;;;;;;;;;;;;;;;;;;;;;;;;;;;;;;;;;;;;;;;;;
;;;;;;;;;;;;;;;;;;;;;;;;;;;;;;;;;;;;;;;;;;;
;;;;;;;;;;;;;;;;;;;;;;;;;;;;;;;;;;;;;;;;;;;
;;;;;;;;;;;;;;;;;;;;;;;;;;;;;;;;;;;;;;;;;;;
;;;;;;;;;;;;;;;;;;;;;;;;;;;;;;;;;;;;;;;;;;;
;;;;;;;;;;;;;;;;;;;;;;;;;;;;;;;;;;;;;;;;;;;
;;;;;;;;;;;;;;;;;;;;;;;;;;;;;;;;;;;;;;;;;;;
;;;;;;;;;;;;;;;;;;;;;;;;;;;;;;;;;;;;;;;;;;;
;;;;;;;;;;;;;;;;;;;;;;;;;;;;;;;;;;;;;;;;;;;
;;;;;;;;;;;;;;;;;;;;;;;;;;;;;;;;;;;;;;;;;;;
;;;;;;;;;;;;;;;;;;;;;;;;;;;;;;;;;;;;;;;;;;;
;;;;;;;;;;;;;;;;;;;;;;;;;;;;;;;;;;;;;;;;;;;
;;;;;;;;;;;;;;;;;;;;;;;;;;;;;;;;;;;;;;;;;;;
;;;;;;;;;;;;;;;;;;;;;;;;;;;;;;;;;;;;;;;;;;;
;;;;;;;;;;;;;;;;;;;;;;;;;;;;;;;;;;;;;;;;;;;
;;;;;;;;;;;;;;;;;;;;;;;;;;;;;;;;;;;;;;;;;;;
;;;;;;;;;;;;;;;;;;;;;;;;;;;;;;;;;;;;;;;;;;;
;;;;;;;;;;;;;;;;;;;;;;;;;;;;;;;;;;;;;;;;;;;
;;;;;;;;;;;;;;;;;;;;;;;;;;;;;;;;;;;;;;;;;;;
;;;;;;;;;;;;;;;;;;;;;;;;;;;;;;;;;;;;;;;;;;;
;;;;;;;;;;;;;;;;;;;;;;;;;;;;;;;;;;;;;;;;;;;
;;;;;;;;;;;;;;;;;;;;;;;;;;;;;;;;;;;;;;;;;;;
;;;;;;;;;;;;;;;;;;;;;;;;;;;;;;;;;;;;;;;;;;;
;;;;;;;;;;;;;;;;;;;;;;;;;;;;;;;;;;;;;;;;;;;
;;;;;;;;;;;;;;;;;;;;;;;;;;;;;;;;;;;;;;;;;;;
;;;;;;;;;;;;;;;;;;;;;;;;;;;;;;;;;;;;;;;;;;;
;;;;;;;;;;;;;;;;;;;;;;;;;;;;;;;;;;;;;;;;;;;
;;;;;;;;;;;;;;;;;;;;;;;;;;;;;;;;;;;;;;;;;;;
;;;;;;;;;;;;;;;;;;;;;;;;;;;;;;;;;;;;;;;;;;;
;;;;;;;;;;;;;;;;;;;;;;;;;;;;;;;;;;;;;;;;;;;
;;;;;;;;;;;;;;;;;;;;;;;;;;;;;;;;;;;;;;;;;;;
;;;;;;;;;;;;;;;;;;;;;;;;;;;;;;;;;;;;;;;;;;;
;;;;;;;;;;;;;;;;;;;;;;;;;;;;;;;;;;;;;;;;;;;
;;;;;;;;;;;;;;;;;;;;;;;;;;;;;;;;;;;;;;;;;;;
;;;;;;;;;;;;;;;;;;;;;;;;;;;;;;;;;;;;;;;;;;;
;;;;;;;;;;;;;;;;;;;;;;;;;;;;;;;;;;;;;;;;;;;
;;;;;;;;;;;;;;;;;;;;;;;;;;;;;;;;;;;;;;;;;;;
;;;;;;;;;;;;;;;;;;;;;;;;;;;;;;;;;;;;;;;;;;;
;;;;;;;;;;;;;;;;;;;;;;;;;;;;;;;;;;;;;;;;;;;
;;;;;;;;;;;;;;;;;;;;;;;;;;;;;;;;;;;;;;;;;;;
;;;;;;;;;;;;;;;;;;;;;;;;;;;;;;;;;;;;;;;;;;;
;;;;;;;;;;;;;;;;;;;;;;;;;;;;;;;;;;;;;;;;;;;
;;;;;;;;;;;;;;;;;;;;;;;;;;;;;;;;;;;;;;;;;;;
;;;;;;;;;;;;;;;;;;;;;;;;;;;;;;;;;;;;;;;;;;;
;;;;;;;;;;;;;;;;;;;;;;;;;;;;;;;;;;;;;;;;;;;
;;;;;;;;;;;;;;;;;;;;;;;;;;;;;;;;;;;;;;;;;;;
;;;;;;;;;;;;;;;;;;;;;;;;;;;;;;;;;;;;;;;;;;;
;;;;;;;;;;;;;;;;;;;;;;;;;;;;;;;;;;;;;;;;;;;
;;;;;;;;;;;;;;;;;;;;;;;;;;;;;;;;;;;;;;;;;;;
;;;;;;;;;;;;;;;;;;;;;;;;;;;;;;;;;;;;;;;;;;;
;;;;;;;;;;;;;;;;;;;;;;;;;;;;;;;;;;;;;;;;;;;
;;;;;;;;;;;;;;;;;;;;;;;;;;;;;;;;;;;;;;;;;;;
;;;;;;;;;;;;;;;;;;;;;;;;;;;;;;;;;;;;;;;;;;;
;;;;;;;;;;;;;;;;;;;;;;;;;;;;;;;;;;;;;;;;;;;
;;;;;;;;;;;;;;;;;;;;;;;;;;;;;;;;;;;;;;;;;;;
;;;;;;;;;;;;;;;;;;;;;;;;;;;;;;;;;;;;;;;;;;;
;;;;;;;;;;;;;;;;;;;;;;;;;;;;;;;;;;;;;;;;;;;
;;;;;;;;;;;;;;;;;;;;;;;;;;;;;;;;;;;;;;;;;;;
;;;;;;;;;;;;;;;;;;;;;;;;;;;;;;;;;;;;;;;;;;;
;;;;;;;;;;;;;;;;;;;;;;;;;;;;;;;;;;;;;;;;;;;
;;;;;;;;;;;;;;;;;;;;;;;;;;;;;;;;;;;;;;;;;;;
;;;;;;;;;;;;;;;;;;;;;;;;;;;;;;;;;;;;;;;;;;;
;;;;;;;;;;;;;;;;;;;;;;;;;;;;;;;;;;;;;;;;;;;
;;;;;;;;;;;;;;;;;;;;;;;;;;;;;;;;;;;;;;;;;;;
;;;;;;;;;;;;;;;;;;;;;;;;;;;;;;;;;;;;;;;;;;;
;;;;;;;;;;;;;;;;;;;;;;;;;;;;;;;;;;;;;;;;;;;
;;;;;;;;;;;;;;;;;;;;;;;;;;;;;;;;;;;;;;;;;;;
;;;;;;;;;;;;;;;;;;;;;;;;;;;;;;;;;;;;;;;;;;;
;;;;;;;;;;;;;;;;;;;;;;;;;;;;;;;;;;;;;;;;;;;
;;;;;;;;;;;;;;;;;;;;;;;;;;;;;;;;;;;;;;;;;;;
;;;;;;;;;;;;;;;;;;;;;;;;;;;;;;;;;;;;;;;;;;;
;;;;;;;;;;;;;;;;;;;;;;;;;;;;;;;;;;;;;;;;;;;
;;;;;;;;;;;;;;;;;;;;;;;;;;;;;;;;;;;;;;;;;;;
;;;;;;;;;;;;;;;;;;;;;;;;;;;;;;;;;;;;;;;;;;;
;;;;;;;;;;;;;;;;;;;;;;;;;;;;;;;;;;;;;;;;;;;
;;;;;;;;;;;;;;;;;;;;;;;;;;;;;;;;;;;;;;;;;;;
;;;;;;;;;;;;;;;;;;;;;;;;;;;;;;;;;;;;;;;;;;;
;;;;;;;;;;;;;;;;;;;;;;;;;;;;;;;;;;;;;;;;;;;
;;;;;;;;;;;;;;;;;;;;;;;;;;;;;;;;;;;;;;;;;;;
;;;;;;;;;;;;;;;;;;;;;;;;;;;;;;;;;;;;;;;;;;;
;;;;;;;;;;;;;;;;;;;;;;;;;;;;;;;;;;;;;;;;;;;
;;;;;;;;;;;;;;;;;;;;;;;;;;;;;;;;;;;;;;;;;;;
;;;;;;;;;;;;;;;;;;;;;;;;;;;;;;;;;;;;;;;;;;;
;;;;;;;;;;;;;;;;;;;;;;;;;;;;;;;;;;;;;;;;;;;
;;;;;;;;;;;;;;;;;;;;;;;;;;;;;;;;;;;;;;;;;;;
;;;;;;;;;;;;;;;;;;;;;;;;;;;;;;;;;;;;;;;;;;;
;;;;;;;;;;;;;;;;;;;;;;;;;;;;;;;;;;;;;;;;;;;
;;;;;;;;;;;;;;;;;;;;;;;;;;;;;;;;;;;;;;;;;;;
;;;;;;;;;;;;;;;;;;;;;;;;;;;;;;;;;;;;;;;;;;;
;;;;;;;;;;;;;;;;;;;;;;;;;;;;;;;;;;;;;;;;;;;
;;;;;;;;;;;;;;;;;;;;;;;;;;;;;;;;;;;;;;;;;;;
;;;;;;;;;;;;;;;;;;;;;;;;;;;;;;;;;;;;;;;;;;;
;;;;;;;;;;;;;;;;;;;;;;;;;;;;;;;;;;;;;;;;;;;
;;;;;;;;;;;;;;;;;;;;;;;;;;;;;;;;;;;;;;;;;;;
;;;;;;;;;;;;;;;;;;;;;;;;;;;;;;;;;;;;;;;;;;;
;;;;;;;;;;;;;;;;;;;;;;;;;;;;;;;;;;;;;;;;;;;
;;;;;;;;;;;;;;;;;;;;;;;;;;;;;;;;;;;;;;;;;;;
;;;;;;;;;;;;;;;;;;;;;;;;;;;;;;;;;;;;;;;;;;;
;;;;;;;;;;;;;;;;;;;;;;;;;;;;;;;;;;;;;;;;;;;
;;;;;;;;;;;;;;;;;;;;;;;;;;;;;;;;;;;;;;;;;;;
;;;;;;;;;;;;;;;;;;;;;;;;;;;;;;;;;;;;;;;;;;;
;;;;;;;;;;;;;;;;;;;;;;;;;;;;;;;;;;;;;;;;;;;
;;;;;;;;;;;;;;;;;;;;;;;;;;;;;;;;;;;;;;;;;;;
;;;;;;;;;;;;;;;;;;;;;;;;;;;;;;;;;;;;;;;;;;;
;;;;;;;;;;;;;;;;;;;;;;;;;;;;;;;;;;;;;;;;;;;
;;;;;;;;;;;;;;;;;;;;;;;;;;;;;;;;;;;;;;;;;;;
;;;;;;;;;;;;;;;;;;;;;;;;;;;;;;;;;;;;;;;;;;;
;;;;;;;;;;;;;;;;;;;;;;;;;;;;;;;;;;;;;;;;;;;
;;;;;;;;;;;;;;;;;;;;;;;;;;;;;;;;;;;;;;;;;;;
;;;;;;;;;;;;;;;;;;;;;;;;;;;;;;;;;;;;;;;;;;;
;;;;;;;;;;;;;;;;;;;;;;;;;;;;;;;;;;;;;;;;;;;
;;;;;;;;;;;;;;;;;;;;;;;;;;;;;;;;;;;;;;;;;;;
;;;;;;;;;;;;;;;;;;;;;;;;;;;;;;;;;;;;;;;;;;;
;;;;;;;;;;;;;;;;;;;;;;;;;;;;;;;;;;;;;;;;;;;
;;;;;;;;;;;;;;;;;;;;;;;;;;;;;;;;;;;;;;;;;;;
;;;;;;;;;;;;;;;;;;;;;;;;;;;;;;;;;;;;;;;;;;;
;;;;;;;;;;;;;;;;;;;;;;;;;;;;;;;;;;;;;;;;;;;
;;;;;;;;;;;;;;;;;;;;;;;;;;;;;;;;;;;;;;;;;;;
;;;;;;;;;;;;;;;;;;;;;;;;;;;;;;;;;;;;;;;;;;;
;;;;;;;;;;;;;;;;;;;;;;;;;;;;;;;;;;;;;;;;;;;
;;;;;;;;;;;;;;;;;;;;;;;;;;;;;;;;;;;;;;;;;;;
;;;;;;;;;;;;;;;;;;;;;;;;;;;;;;;;;;;;;;;;;;;
;;;;;;;;;;;;;;;;;;;;;;;;;;;;;;;;;;;;;;;;;;;
;;;;;;;;;;;;;;;;;;;;;;;;;;;;;;;;;;;;;;;;;;;
;;;;;;;;;;;;;;;;;;;;;;;;;;;;;;;;;;;;;;;;;;;
;;;;;;;;;;;;;;;;;;;;;;;;;;;;;;;;;;;;;;;;;;;
;;;;;;;;;;;;;;;;;;;;;;;;;;;;;;;;;;;;;;;;;;;
;;;;;;;;;;;;;;;;;;;;;;;;;;;;;;;;;;;;;;;;;;;
;;;;;;;;;;;;;;;;;;;;;;;;;;;;;;;;;;;;;;;;;;;
;;;;;;;;;;;;;;;;;;;;;;;;;;;;;;;;;;;;;;;;;;;
;;;;;;;;;;;;;;;;;;;;;;;;;;;;;;;;;;;;;;;;;;;
;;;;;;;;;;;;;;;;;;;;;;;;;;;;;;;;;;;;;;;;;;;
;;;;;;;;;;;;;;;;;;;;;;;;;;;;;;;;;;;;;;;;;;;
;;;;;;;;;;;;;;;;;;;;;;;;;;;;;;;;;;;;;;;;;;;
;;;;;;;;;;;;;;;;;;;;;;;;;;;;;;;;;;;;;;;;;;;
;;;;;;;;;;;;;;;;;;;;;;;;;;;;;;;;;;;;;;;;;;;
;;;;;;;;;;;;;;;;;;;;;;;;;;;;;;;;;;;;;;;;;;;
;;;;;;;;;;;;;;;;;;;;;;;;;;;;;;;;;;;;;;;;;;;
;;;;;;;;;;;;;;;;;;;;;;;;;;;;;;;;;;;;;;;;;;;
;;;;;;;;;;;;;;;;;;;;;;;;;;;;;;;;;;;;;;;;;;;
;;;;;;;;;;;;;;;;;;;;;;;;;;;;;;;;;;;;;;;;;;;
;;;;;;;;;;;;;;;;;;;;;;;;;;;;;;;;;;;;;;;;;;;
;;;;;;;;;;;;;;;;;;;;;;;;;;;;;;;;;;;;;;;;;;;
;;;;;;;;;;;;;;;;;;;;;;;;;;;;;;;;;;;;;;;;;;;
;;;;;;;;;;;;;;;;;;;;;;;;;;;;;;;;;;;;;;;;;;;
;;;;;;;;;;;;;;;;;;;;;;;;;;;;;;;;;;;;;;;;;;;
;;;;;;;;;;;;;;;;;;;;;;;;;;;;;;;;;;;;;;;;;;;
;;;;;;;;;;;;;;;;;;;;;;;;;;;;;;;;;;;;;;;;;;;
;;;;;;;;;;;;;;;;;;;;;;;;;;;;;;;;;;;;;;;;;;;
;;;;;;;;;;;;;;;;;;;;;;;;;;;;;;;;;;;;;;;;;;;
;;;;;;;;;;;;;;;;;;;;;;;;;;;;;;;;;;;;;;;;;;;
;;;;;;;;;;;;;;;;;;;;;;;;;;;;;;;;;;;;;;;;;;;
;;;;;;;;;;;;;;;;;;;;;;;;;;;;;;;;;;;;;;;;;;;
;;;;;;;;;;;;;;;;;;;;;;;;;;;;;;;;;;;;;;;;;;;
;;;;;;;;;;;;;;;;;;;;;;;;;;;;;;;;;;;;;;;;;;;
;;;;;;;;;;;;;;;;;;;;;;;;;;;;;;;;;;;;;;;;;;;
;;;;;;;;;;;;;;;;;;;;;;;;;;;;;;;;;;;;;;;;;;;
;;;;;;;;;;;;;;;;;;;;;;;;;;;;;;;;;;;;;;;;;;;
;;;;;;;;;;;;;;;;;;;;;;;;;;;;;;;;;;;;;;;;;;;
;;;;;;;;;;;;;;;;;;;;;;;;;;;;;;;;;;;;;;;;;;;
;;;;;;;;;;;;;;;;;;;;;;;;;;;;;;;;;;;;;;;;;;;
;;;;;;;;;;;;;;;;;;;;;;;;;;;;;;;;;;;;;;;;;;;
;;;;;;;;;;;;;;;;;;;;;;;;;;;;;;;;;;;;;;;;;;;
;;;;;;;;;;;;;;;;;;;;;;;;;;;;;;;;;;;;;;;;;;;
;;;;;;;;;;;;;;;;;;;;;;;;;;;;;;;;;;;;;;;;;;;
;;;;;;;;;;;;;;;;;;;;;;;;;;;;;;;;;;;;;;;;;;;
;;;;;;;;;;;;;;;;;;;;;;;;;;;;;;;;;;;;;;;;;;;
;;;;;;;;;;;;;;;;;;;;;;;;;;;;;;;;;;;;;;;;;;;
;;;;;;;;;;;;;;;;;;;;;;;;;;;;;;;;;;;;;;;;;;;
;;;;;;;;;;;;;;;;;;;;;;;;;;;;;;;;;;;;;;;;;;;
;;;;;;;;;;;;;;;;;;;;;;;;;;;;;;;;;;;;;;;;;;;
;;;;;;;;;;;;;;;;;;;;;;;;;;;;;;;;;;;;;;;;;;;
;;;;;;;;;;;;;;;;;;;;;;;;;;;;;;;;;;;;;;;;;;;
;;;;;;;;;;;;;;;;;;;;;;;;;;;;;;;;;;;;;;;;;;;
;;;;;;;;;;;;;;;;;;;;;;;;;;;;;;;;;;;;;;;;;;;
;;;;;;;;;;;;;;;;;;;;;;;;;;;;;;;;;;;;;;;;;;;
;;;;;;;;;;;;;;;;;;;;;;;;;;;;;;;;;;;;;;;;;;;
;;;;;;;;;;;;;;;;;;;;;;;;;;;;;;;;;;;;;;;;;;;
;;;;;;;;;;;;;;;;;;;;;;;;;;;;;;;;;;;;;;;;;;;
;;;;;;;;;;;;;;;;;;;;;;;;;;;;;;;;;;;;;;;;;;;
;;;;;;;;;;;;;;;;;;;;;;;;;;;;;;;;;;;;;;;;;;;
;;;;;;;;;;;;;;;;;;;;;;;;;;;;;;;;;;;;;;;;;;;
;;;;;;;;;;;;;;;;;;;;;;;;;;;;;;;;;;;;;;;;;;;
;;;;;;;;;;;;;;;;;;;;;;;;;;;;;;;;;;;;;;;;;;;
;;;;;;;;;;;;;;;;;;;;;;;;;;;;;;;;;;;;;;;;;;;
;;;;;;;;;;;;;;;;;;;;;;;;;;;;;;;;;;;;;;;;;;;
;;;;;;;;;;;;;;;;;;;;;;;;;;;;;;;;;;;;;;;;;;;
;;;;;;;;;;;;;;;;;;;;;;;;;;;;;;;;;;;;;;;;;;;
;;;;;;;;;;;;;;;;;;;;;;;;;;;;;;;;;;;;;;;;;;;
;;;;;;;;;;;;;;;;;;;;;;;;;;;;;;;;;;;;;;;;;;;
;;;;;;;;;;;;;;;;;;;;;;;;;;;;;;;;;;;;;;;;;;;
;;;;;;;;;;;;;;;;;;;;;;;;;;;;;;;;;;;;;;;;;;;
;;;;;;;;;;;;;;;;;;;;;;;;;;;;;;;;;;;;;;;;;;;
;;;;;;;;;;;;;;;;;;;;;;;;;;;;;;;;;;;;;;;;;;;
;;;;;;;;;;;;;;;;;;;;;;;;;;;;;;;;;;;;;;;;;;;
;;;;;;;;;;;;;;;;;;;;;;;;;;;;;;;;;;;;;;;;;;;
;;;;;;;;;;;;;;;;;;;;;;;;;;;;;;;;;;;;;;;;;;;
;;;;;;;;;;;;;;;;;;;;;;;;;;;;;;;;;;;;;;;;;;;
;;;;;;;;;;;;;;;;;;;;;;;;;;;;;;;;;;;;;;;;;;;
;;;;;;;;;;;;;;;;;;;;;;;;;;;;;;;;;;;;;;;;;;;
;;;;;;;;;;;;;;;;;;;;;;;;;;;;;;;;;;;;;;;;;;;
;;;;;;;;;;;;;;;;;;;;;;;;;;;;;;;;;;;;;;;;;;;
;;;;;;;;;;;;;;;;;;;;;;;;;;;;;;;;;;;;;;;;;;;
;;;;;;;;;;;;;;;;;;;;;;;;;;;;;;;;;;;;;;;;;;;
;;;;;;;;;;;;;;;;;;;;;;;;;;;;;;;;;;;;;;;;;;;
;;;;;;;;;;;;;;;;;;;;;;;;;;;;;;;;;;;;;;;;;;;
;;;;;;;;;;;;;;;;;;;;;;;;;;;;;;;;;;;;;;;;;;;
;;;;;;;;;;;;;;;;;;;;;;;;;;;;;;;;;;;;;;;;;;;
;;;;;;;;;;;;;;;;;;;;;;;;;;;;;;;;;;;;;;;;;;;
;;;;;;;;;;;;;;;;;;;;;;;;;;;;;;;;;;;;;;;;;;;
;;;;;;;;;;;;;;;;;;;;;;;;;;;;;;;;;;;;;;;;;;;
;;;;;;;;;;;;;;;;;;;;;;;;;;;;;;;;;;;;;;;;;;;
;;;;;;;;;;;;;;;;;;;;;;;;;;;;;;;;;;;;;;;;;;;
;;;;;;;;;;;;;;;;;;;;;;;;;;;;;;;;;;;;;;;;;;;